ts,power_kW,core_temp_C,pool_temp_C,flow_lps,rod_bank_pct,scram,msg
2025-09-04T21:24:09.089978+00:00,8.565,28.584,23.992,9.99,41.66,0,normal
2025-09-04T21:24:10.090292+00:00,8.674,29.142,23.995,9.977,43.27,0,normal
2025-09-04T21:24:11.091042+00:00,8.784,29.725,24.014,9.976,44.83,0,normal
2025-09-04T21:24:12.091329+00:00,8.798,30.234,24.017,9.973,46.34,0,normal
2025-09-04T21:24:13.091621+00:00,8.847,30.652,24.007,10.005,47.75,0,normal
2025-09-04T21:24:14.092365+00:00,8.821,31.128,23.992,9.969,49.15,0,normal
2025-09-04T21:24:15.092661+00:00,8.827,31.619,23.984,10.0,50.39,0,normal
2025-09-04T21:24:16.093707+00:00,8.839,32.064,23.988,9.959,51.72,0,normal
2025-09-04T21:24:17.094044+00:00,8.858,32.44,24.005,9.888,52.89,0,normal
2025-09-04T21:24:18.095352+00:00,8.913,32.826,23.997,9.852,54.06,0,normal
2025-09-04T21:24:19.095570+00:00,8.91,33.222,23.993,9.859,55.06,0,normal
2025-09-04T21:24:20.095823+00:00,8.906,33.569,23.994,9.873,56.07,0,normal
2025-09-04T21:24:21.096098+00:00,8.966,33.849,23.989,9.91,57.06,0,normal
2025-09-04T21:24:22.096344+00:00,8.939,34.208,23.987,9.923,57.98,0,normal
2025-09-04T21:24:23.096575+00:00,8.92,34.442,23.987,9.923,58.95,0,normal
2025-09-04T21:24:24.096894+00:00,8.865,34.774,23.987,9.85,59.77,0,normal
2025-09-04T21:24:25.097135+00:00,8.937,35.016,23.992,9.887,60.52,0,normal
2025-09-04T21:24:26.097426+00:00,8.954,35.305,23.991,9.86,61.3,0,normal
2025-09-04T21:24:27.098025+00:00,8.977,35.512,23.999,9.799,62.1,0,normal
2025-09-04T21:24:28.099291+00:00,8.976,35.708,23.987,9.841,62.75,0,normal
2025-09-04T21:24:29.100142+00:00,8.938,35.953,23.967,9.875,63.4,0,normal
2025-09-04T21:24:30.100889+00:00,8.962,36.091,23.964,9.933,64.01,0,normal
2025-09-04T21:24:31.101642+00:00,9.002,36.174,23.965,9.942,64.61,0,normal
2025-09-04T21:24:32.101873+00:00,8.962,36.36,23.964,9.892,65.17,0,normal
2025-09-04T21:24:33.102115+00:00,8.944,36.552,23.951,9.897,65.69,0,normal
2025-09-04T21:24:34.102610+00:00,8.95,36.745,23.95,9.88,66.27,0,normal
2025-09-04T21:24:35.103345+00:00,8.986,36.844,23.935,9.941,66.77,0,normal
2025-09-04T21:24:36.103662+00:00,9.023,36.909,23.944,9.956,67.28,0,normal
2025-09-04T21:24:37.104424+00:00,9.04,37.078,23.947,9.927,67.76,0,normal
2025-09-04T21:24:38.105539+00:00,9.053,37.203,23.936,9.912,68.23,0,normal
2025-09-04T21:24:39.105825+00:00,9.061,37.289,23.922,9.941,68.67,0,normal
2025-09-04T21:24:40.107050+00:00,9.082,37.466,23.919,9.944,69.11,0,normal
2025-09-04T21:24:41.107293+00:00,9.03,37.522,23.916,9.985,69.48,0,normal
2025-09-04T21:24:42.108092+00:00,8.984,37.624,23.91,9.968,69.85,0,normal
2025-09-04T21:24:43.108354+00:00,8.992,37.762,23.904,9.942,70.18,0,normal
2025-09-04T21:24:44.109133+00:00,9.0,37.861,23.903,9.957,70.55,0,normal
2025-09-04T21:24:45.109493+00:00,8.974,37.964,23.899,9.966,70.88,0,normal
2025-09-04T21:24:46.110081+00:00,8.996,38.036,23.895,9.97,71.15,0,normal
2025-09-04T21:24:47.110332+00:00,9.049,38.128,23.886,9.943,71.43,0,normal
2025-09-04T21:24:48.110977+00:00,9.026,38.204,23.89,9.917,71.82,0,normal
2025-09-04T21:24:49.111883+00:00,9.065,38.325,23.884,9.918,72.09,0,normal
2025-09-04T21:24:50.112116+00:00,9.086,38.361,23.883,9.92,72.36,0,normal
2025-09-04T21:24:51.112864+00:00,9.088,38.377,23.877,9.948,72.58,0,normal
2025-09-04T21:24:52.113574+00:00,9.081,38.453,23.874,9.918,72.8,0,normal
2025-09-04T21:24:53.113850+00:00,9.084,38.45,23.852,9.814,72.97,0,normal
2025-09-04T21:24:54.114627+00:00,9.06,38.591,23.844,9.846,73.14,0,normal
2025-09-04T21:24:55.115059+00:00,9.064,38.638,23.848,9.886,73.46,0,normal
2025-09-04T21:24:56.115315+00:00,9.023,38.635,23.857,9.911,73.58,0,normal
2025-09-04T21:24:57.115740+00:00,9.016,38.644,23.857,9.934,73.73,0,normal
2025-09-04T21:24:58.116448+00:00,8.975,38.661,23.87,9.965,73.9,0,normal
2025-09-04T21:24:59.116820+00:00,8.968,38.66,23.872,10.031,74.06,0,normal
2025-09-04T21:25:00.117059+00:00,8.983,38.761,23.86,9.97,74.1,0,normal
2025-09-04T21:25:01.117996+00:00,9.056,38.806,23.858,9.929,74.15,0,normal
2025-09-04T21:25:02.118635+00:00,9.062,38.973,23.849,9.902,74.29,0,normal
2025-09-04T21:25:03.119165+00:00,9.056,38.807,23.844,9.919,74.35,0,normal
2025-09-04T21:25:04.119815+00:00,9.066,38.791,23.842,9.9,74.53,0,normal
2025-09-04T21:25:05.120211+00:00,9.052,38.809,23.841,9.902,74.59,0,normal
2025-09-04T21:25:06.121297+00:00,9.025,38.757,23.84,9.905,74.68,0,normal
2025-09-04T21:25:07.121613+00:00,8.952,38.768,23.837,9.901,74.74,0,normal
2025-09-04T21:25:08.122348+00:00,8.943,38.771,23.832,9.938,74.79,0,normal
2025-09-04T21:25:09.123571+00:00,8.944,38.717,23.848,9.971,74.91,0,normal
2025-09-04T21:25:10.123795+00:00,8.932,38.827,23.858,9.946,74.85,0,normal
2025-09-04T21:25:11.124020+00:00,9.013,38.786,23.869,9.911,74.95,0,normal
2025-09-04T21:25:12.125072+00:00,8.997,38.823,23.881,9.918,75.07,0,normal
2025-09-04T21:25:13.125297+00:00,8.982,38.83,23.867,9.957,75.14,0,normal
2025-09-04T21:25:14.125521+00:00,8.973,38.842,23.863,9.951,75.18,0,normal
2025-09-04T21:25:15.125746+00:00,8.968,38.839,23.854,9.933,75.21,0,normal
2025-09-04T21:25:16.125971+00:00,8.996,38.9,23.853,9.958,75.29,0,normal
2025-09-04T21:25:17.126193+00:00,8.968,38.863,23.856,9.995,75.4,0,normal
2025-09-04T21:25:18.126428+00:00,8.965,38.807,23.849,9.949,75.43,0,normal
2025-09-04T21:25:19.126660+00:00,9.0,38.894,23.853,9.925,75.47,0,normal
2025-09-04T21:25:20.127871+00:00,9.024,38.919,23.835,9.909,75.48,0,normal
2025-09-04T21:25:21.128464+00:00,9.05,39.012,23.817,9.964,75.52,0,normal
2025-09-04T21:25:22.128729+00:00,9.042,38.975,23.821,10.005,75.55,0,normal
2025-09-04T21:25:23.129943+00:00,8.999,39.129,23.795,10.054,75.57,0,normal
2025-09-04T21:25:24.130859+00:00,9.008,39.131,23.778,10.036,75.6,0,normal
2025-09-04T21:25:25.131090+00:00,9.016,39.18,23.778,9.997,75.77,0,normal
2025-09-04T21:25:26.131322+00:00,8.988,39.251,23.786,10.016,75.77,0,normal
2025-09-04T21:25:27.131539+00:00,8.956,39.307,23.789,10.015,75.82,0,normal
2025-09-04T21:25:28.132597+00:00,8.924,39.272,23.764,10.018,75.81,0,normal
2025-09-04T21:25:29.133349+00:00,8.918,39.333,23.768,10.052,75.84,0,normal
2025-09-04T21:25:30.133579+00:00,8.916,39.393,23.77,10.145,75.88,0,normal
2025-09-04T21:25:31.134307+00:00,8.908,39.371,23.767,10.172,75.89,0,normal
2025-09-04T21:25:32.134667+00:00,8.896,39.341,23.777,10.126,75.8,0,normal
2025-09-04T21:25:33.134886+00:00,8.886,39.394,23.773,10.163,75.83,0,normal
2025-09-04T21:25:34.135507+00:00,8.9,39.312,23.779,10.215,75.8,0,normal
2025-09-04T21:25:35.135950+00:00,8.902,39.282,23.788,10.215,75.82,0,normal
2025-09-04T21:25:36.136745+00:00,8.918,39.264,23.789,10.231,75.75,0,normal
2025-09-04T21:25:37.137262+00:00,8.902,39.19,23.787,10.2,75.74,0,normal
2025-09-04T21:25:38.137521+00:00,8.919,39.189,23.782,10.169,75.86,0,normal
2025-09-04T21:25:39.138924+00:00,8.879,39.159,23.776,10.173,75.91,0,normal
2025-09-04T21:25:40.140157+00:00,8.928,39.182,23.78,10.136,75.86,0,normal
2025-09-04T21:25:41.140392+00:00,8.947,39.159,23.767,10.151,75.85,0,normal
2025-09-04T21:25:42.141615+00:00,9.017,39.177,23.759,10.104,75.84,0,normal
2025-09-04T21:25:43.142023+00:00,9.042,39.176,23.77,10.056,75.87,0,normal
2025-09-04T21:25:44.142404+00:00,9.025,39.223,23.78,10.1,75.92,0,normal
2025-09-04T21:25:45.142626+00:00,9.024,39.226,23.787,10.109,75.94,0,normal
2025-09-04T21:25:46.143860+00:00,9.026,39.254,23.781,10.137,75.91,0,normal
2025-09-04T21:25:47.144076+00:00,8.965,39.11,23.789,10.128,75.92,0,normal
2025-09-04T21:25:48.144318+00:00,8.912,39.18,23.781,10.163,75.88,0,normal
2025-09-04T21:25:49.144535+00:00,8.922,39.257,23.772,10.191,75.85,0,normal
2025-09-04T21:25:50.144758+00:00,8.926,39.248,23.777,10.169,75.86,0,normal
2025-09-04T21:25:51.144994+00:00,8.973,39.208,23.749,10.198,75.87,0,normal
2025-09-04T21:25:52.145176+00:00,8.996,39.151,23.74,10.212,75.81,0,normal
2025-09-04T21:25:53.145364+00:00,9.022,39.153,23.744,10.199,75.85,0,normal
2025-09-04T21:25:54.145631+00:00,8.979,39.168,23.749,10.174,75.87,0,normal
2025-09-04T21:25:55.145844+00:00,8.965,39.145,23.765,10.146,75.88,0,normal
2025-09-04T21:25:56.146249+00:00,8.993,39.257,23.769,10.099,75.88,0,normal
2025-09-04T21:25:57.146471+00:00,8.965,39.218,23.76,10.078,75.91,0,normal
2025-09-04T21:25:58.147491+00:00,9.017,39.217,23.756,10.067,75.96,0,normal
2025-09-04T21:25:59.147876+00:00,9.017,39.225,23.755,10.039,75.94,0,normal
2025-09-04T21:26:00.149127+00:00,8.955,39.286,23.789,9.984,75.91,0,normal
2025-09-04T21:26:01.150684+00:00,9.03,39.254,23.788,9.991,75.96,0,normal
2025-09-04T21:26:02.151136+00:00,9.018,39.222,23.782,9.928,75.99,0,normal
2025-09-04T21:26:03.151561+00:00,8.988,39.296,23.773,9.907,76.03,0,normal
2025-09-04T21:26:04.151852+00:00,8.99,39.248,23.774,9.886,76.1,0,normal
2025-09-04T21:26:05.152094+00:00,9.01,39.26,23.765,9.916,76.03,0,normal
2025-09-04T21:26:06.152623+00:00,8.981,39.202,23.763,9.934,76.04,0,normal
2025-09-04T21:26:07.152941+00:00,8.953,39.143,23.745,9.934,76.19,0,normal
2025-09-04T21:26:08.153992+00:00,8.957,39.186,23.746,9.957,76.22,0,normal
2025-09-04T21:26:09.154589+00:00,8.958,39.169,23.743,9.972,76.26,0,normal
2025-09-04T21:26:10.155037+00:00,9.018,39.213,23.742,9.992,76.31,0,normal
2025-09-04T21:26:11.155533+00:00,8.957,39.258,23.751,9.983,76.37,0,normal
2025-09-04T21:26:12.156030+00:00,8.916,39.255,23.752,10.005,76.29,0,normal
2025-09-04T21:26:13.156270+00:00,8.938,39.201,23.737,10.012,76.23,0,normal
2025-09-04T21:26:14.156494+00:00,8.912,39.14,23.729,9.99,76.22,0,normal
2025-09-04T21:26:15.156745+00:00,8.895,39.184,23.744,9.982,76.2,0,normal
2025-09-04T21:26:16.157182+00:00,8.893,39.184,23.738,9.96,76.17,0,normal
2025-09-04T21:26:17.157381+00:00,8.934,39.133,23.738,10.006,76.1,0,normal
2025-09-04T21:26:18.158152+00:00,8.987,39.092,23.729,10.0,76.13,0,normal
2025-09-04T21:26:19.158380+00:00,8.992,39.121,23.722,9.963,76.18,0,normal
2025-09-04T21:26:20.158624+00:00,9.004,39.063,23.722,9.931,76.13,0,normal
2025-09-04T21:26:21.159570+00:00,8.949,38.996,23.727,9.95,76.18,0,normal
2025-09-04T21:26:22.159816+00:00,8.902,38.985,23.731,9.954,76.11,0,normal
2025-09-04T21:26:23.160060+00:00,8.901,39.024,23.741,9.925,76.1,0,normal
2025-09-04T21:26:24.160813+00:00,8.927,39.021,23.744,9.924,76.09,0,normal
2025-09-04T21:26:25.161270+00:00,8.969,38.962,23.75,9.916,76.13,0,normal
2025-09-04T21:26:26.161522+00:00,8.985,38.966,23.752,9.878,76.23,0,normal
2025-09-04T21:26:27.162086+00:00,9.002,39.047,23.76,9.857,76.12,0,normal
2025-09-04T21:26:28.162524+00:00,8.988,39.16,23.768,9.898,76.23,0,normal
2025-09-04T21:26:29.163759+00:00,9.008,39.247,23.745,9.912,76.17,0,normal
2025-09-04T21:26:30.164431+00:00,9.0,39.221,23.752,9.936,76.05,0,normal
2025-09-04T21:26:31.164656+00:00,8.984,39.336,23.773,9.959,76.04,0,normal
2025-09-04T21:26:32.165403+00:00,9.004,39.346,23.769,9.957,76.05,0,normal
2025-09-04T21:26:33.166095+00:00,8.947,39.274,23.762,9.918,76.03,0,normal
2025-09-04T21:26:34.166409+00:00,8.968,39.312,23.749,9.932,76.05,0,normal
2025-09-04T21:26:35.166642+00:00,8.978,39.337,23.759,9.909,75.99,0,normal
2025-09-04T21:26:36.167244+00:00,8.972,39.294,23.766,9.897,76.0,0,normal
2025-09-04T21:26:37.168541+00:00,8.957,39.374,23.761,9.815,75.98,0,normal
2025-09-04T21:26:38.168755+00:00,8.952,39.345,23.759,9.882,76.06,0,normal
2025-09-04T21:26:39.169999+00:00,8.94,39.341,23.761,9.874,76.12,0,normal
2025-09-04T21:26:40.170634+00:00,8.921,39.373,23.743,9.84,76.05,0,normal
2025-09-04T21:26:41.171866+00:00,8.92,39.395,23.74,9.843,76.1,0,normal
2025-09-04T21:26:42.172286+00:00,8.938,39.321,23.752,9.916,75.98,0,normal
2025-09-04T21:26:43.172510+00:00,8.961,39.244,23.757,9.928,76.02,0,normal
2025-09-04T21:26:44.172735+00:00,8.912,39.206,23.757,9.891,76.08,0,normal
2025-09-04T21:26:45.172971+00:00,8.937,39.249,23.764,9.853,76.07,0,normal
2025-09-04T21:26:46.173205+00:00,8.926,39.277,23.779,9.902,75.98,0,normal
2025-09-04T21:26:47.173604+00:00,8.909,39.242,23.774,9.898,76.04,0,normal
2025-09-04T21:26:48.174082+00:00,8.896,39.237,23.782,9.906,76.03,0,normal
2025-09-04T21:26:49.174481+00:00,8.95,39.301,23.755,9.95,76.01,0,normal
2025-09-04T21:26:50.175028+00:00,8.997,39.272,23.75,9.987,76.01,0,normal
2025-09-04T21:26:51.175372+00:00,9.038,39.326,23.738,10.017,76.02,0,normal
2025-09-04T21:26:52.175612+00:00,9.015,39.269,23.737,10.063,76.02,0,normal
2025-09-04T21:26:53.176087+00:00,9.011,39.315,23.726,10.08,76.02,0,normal
2025-09-04T21:26:54.176653+00:00,9.04,39.237,23.717,10.113,76.07,0,normal
2025-09-04T21:26:55.176899+00:00,9.061,39.286,23.725,10.041,76.05,0,normal
2025-09-04T21:26:56.177124+00:00,8.991,39.286,23.723,10.015,76.09,0,normal
2025-09-04T21:26:57.177882+00:00,9.001,39.258,23.725,10.02,76.05,0,normal
2025-09-04T21:26:58.178090+00:00,9.003,39.205,23.725,10.018,76.05,0,normal
2025-09-04T21:26:59.179316+00:00,8.992,39.15,23.726,9.99,76.02,0,normal
2025-09-04T21:27:00.180477+00:00,8.994,39.199,23.715,9.991,76.02,0,normal
2025-09-04T21:27:01.180712+00:00,8.986,39.187,23.71,10.0,76.03,0,normal
2025-09-04T21:27:02.180941+00:00,8.954,39.238,23.708,9.983,76.01,0,normal
2025-09-04T21:27:03.181391+00:00,9.009,39.228,23.715,10.002,76.07,0,normal
2025-09-04T21:27:04.181803+00:00,9.017,39.237,23.718,9.979,76.13,0,normal
2025-09-04T21:27:05.182912+00:00,9.003,39.255,23.706,10.03,76.13,0,normal
2025-09-04T21:27:06.183194+00:00,8.989,39.287,23.701,9.986,76.21,0,normal
2025-09-04T21:27:07.183459+00:00,8.994,39.232,23.705,10.004,76.15,0,normal
2025-09-04T21:27:08.183679+00:00,8.945,39.215,23.721,9.951,76.28,0,normal
2025-09-04T21:27:09.183918+00:00,8.927,39.298,23.713,10.01,76.2,0,normal
2025-09-04T21:27:10.184166+00:00,8.926,39.302,23.721,10.041,76.25,0,normal
2025-09-04T21:27:11.184376+00:00,9.005,39.339,23.719,10.041,76.25,0,normal
2025-09-04T21:27:12.185701+00:00,9.025,39.375,23.729,10.031,76.3,0,normal
2025-09-04T21:27:13.185949+00:00,8.943,39.325,23.704,10.018,76.18,0,normal
2025-09-04T21:27:14.186653+00:00,8.969,39.318,23.705,10.059,76.13,0,normal
2025-09-04T21:27:15.186875+00:00,8.98,39.328,23.706,9.989,76.12,0,normal
2025-09-04T21:27:16.188142+00:00,8.995,39.33,23.704,9.98,76.13,0,normal
2025-09-04T21:27:17.188763+00:00,8.939,39.302,23.707,9.94,76.03,0,normal
2025-09-04T21:27:18.189830+00:00,8.975,39.342,23.717,9.933,76.06,0,normal
2025-09-04T21:27:19.190045+00:00,8.981,39.344,23.726,9.948,76.05,0,normal
2025-09-04T21:27:20.191131+00:00,8.959,39.358,23.716,9.94,76.14,0,normal
2025-09-04T21:27:21.192292+00:00,8.972,39.371,23.727,9.892,76.13,0,normal
2025-09-04T21:27:22.193011+00:00,9.016,39.298,23.714,9.884,76.13,0,normal
2025-09-04T21:27:23.193553+00:00,9.067,39.245,23.731,9.875,76.23,0,normal
2025-09-04T21:27:24.194199+00:00,9.06,39.3,23.732,9.829,76.22,0,normal
2025-09-04T21:27:25.195238+00:00,9.019,39.279,23.732,9.827,76.25,0,normal
2025-09-04T21:27:26.195791+00:00,9.0,39.248,23.73,9.844,76.23,0,normal
2025-09-04T21:27:27.196542+00:00,9.041,39.192,23.747,9.865,76.25,0,normal
2025-09-04T21:27:28.197162+00:00,8.993,39.126,23.739,9.908,76.22,0,normal
2025-09-04T21:27:29.197471+00:00,8.955,39.036,23.749,9.913,76.18,0,normal
2025-09-04T21:27:30.198176+00:00,8.982,39.037,23.741,9.941,76.29,0,normal
2025-09-04T21:27:31.198937+00:00,9.018,39.1,23.729,9.968,76.32,0,normal
2025-09-04T21:27:32.199386+00:00,9.003,39.073,23.711,9.925,76.43,0,normal
2025-09-04T21:27:33.199990+00:00,9.018,39.088,23.708,9.931,76.41,0,normal
2025-09-04T21:27:34.200582+00:00,8.991,39.03,23.721,9.933,76.45,0,normal
2025-09-04T21:27:35.200935+00:00,8.995,39.003,23.728,9.923,76.48,0,normal
2025-09-04T21:27:36.202016+00:00,8.997,38.973,23.713,9.892,76.53,0,normal
2025-09-04T21:27:37.202460+00:00,9.005,39.002,23.721,9.92,76.47,0,normal
2025-09-04T21:27:38.202728+00:00,9.018,38.965,23.718,9.934,76.44,0,normal
2025-09-04T21:27:39.203447+00:00,9.03,39.0,23.724,9.972,76.42,0,normal
2025-09-04T21:27:40.204026+00:00,9.074,39.043,23.727,10.007,76.41,0,normal
2025-09-04T21:27:41.204252+00:00,9.086,38.961,23.72,9.992,76.42,0,normal
2025-09-04T21:27:42.204487+00:00,9.044,38.962,23.718,10.023,76.38,0,normal
2025-09-04T21:27:43.204739+00:00,9.035,38.958,23.715,10.027,76.39,0,normal
2025-09-04T21:27:44.204974+00:00,8.977,38.955,23.708,10.002,76.34,0,normal
2025-09-04T21:27:45.205658+00:00,8.998,38.933,23.697,9.977,76.28,0,normal
2025-09-04T21:27:46.205908+00:00,9.035,38.838,23.689,9.976,76.4,0,normal
2025-09-04T21:27:47.206586+00:00,9.009,38.976,23.678,9.961,76.38,0,normal
2025-09-04T21:27:48.207826+00:00,9.017,38.997,23.659,9.98,76.38,0,normal
2025-09-04T21:27:49.208068+00:00,9.014,38.977,23.667,9.891,76.4,0,normal
2025-09-04T21:27:50.208378+00:00,9.051,39.009,23.664,9.892,76.47,0,normal
2025-09-04T21:27:51.208664+00:00,9.049,39.025,23.666,9.905,76.58,0,normal
2025-09-04T21:27:52.208901+00:00,9.058,39.048,23.661,9.896,76.62,0,normal
2025-09-04T21:27:53.209741+00:00,9.082,39.133,23.667,9.899,76.69,0,normal
2025-09-04T21:27:54.210000+00:00,9.046,39.171,23.662,9.879,76.62,0,normal
2025-09-04T21:27:55.210272+00:00,9.026,39.242,23.661,9.869,76.6,0,normal
2025-09-04T21:27:56.210529+00:00,8.98,39.178,23.653,9.889,76.6,0,normal
2025-09-04T21:27:57.210781+00:00,9.001,39.159,23.654,9.87,76.64,0,normal
2025-09-04T21:27:58.211037+00:00,9.013,39.147,23.65,9.867,76.59,0,normal
2025-09-04T21:27:59.211896+00:00,8.991,39.116,23.617,9.904,76.46,0,normal
2025-09-04T21:28:00.212627+00:00,9.046,39.103,23.62,9.945,76.45,0,normal
2025-09-04T21:28:01.213373+00:00,9.046,39.142,23.629,9.917,76.41,0,normal
2025-09-04T21:28:02.214565+00:00,9.024,39.166,23.627,9.902,76.37,0,normal
2025-09-04T21:28:03.214808+00:00,9.0,39.191,23.635,9.902,76.37,0,normal
2025-09-04T21:28:04.215041+00:00,8.965,39.156,23.628,9.927,76.28,0,normal
2025-09-04T21:28:05.215278+00:00,8.976,39.196,23.642,10.007,76.22,0,normal
2025-09-04T21:28:06.215506+00:00,8.998,39.231,23.645,10.031,76.2,0,normal
2025-09-04T21:28:07.215744+00:00,9.024,39.232,23.644,10.036,76.23,0,normal
2025-09-04T21:28:08.216970+00:00,9.001,39.21,23.641,9.988,76.27,0,normal
2025-09-04T21:28:09.217118+00:00,9.032,39.197,23.637,9.988,76.22,0,normal
2025-09-04T21:28:10.217346+00:00,9.009,39.178,23.631,9.991,76.23,0,normal
2025-09-04T21:28:11.218003+00:00,9.016,39.2,23.64,9.98,76.26,0,normal
2025-09-04T21:28:12.218405+00:00,8.997,39.206,23.638,9.927,76.23,0,normal
2025-09-04T21:28:13.218820+00:00,8.963,39.241,23.637,9.931,76.22,0,normal
2025-09-04T21:28:14.219049+00:00,8.923,39.21,23.641,9.965,76.23,0,normal
2025-09-04T21:28:15.219288+00:00,8.887,39.172,23.634,9.938,76.21,0,normal
2025-09-04T21:28:16.219515+00:00,8.898,39.137,23.631,9.92,76.21,0,normal
2025-09-04T21:28:17.220207+00:00,8.942,39.032,23.64,9.961,76.07,0,normal
2025-09-04T21:28:18.220879+00:00,8.968,39.062,23.642,10.007,76.05,0,normal
2025-09-04T21:28:19.221824+00:00,8.925,38.987,23.639,9.991,76.05,0,normal
2025-09-04T21:28:20.222908+00:00,8.895,39.014,23.653,9.947,76.07,0,normal
2025-09-04T21:28:21.223987+00:00,8.909,38.975,23.638,9.953,76.07,0,normal
2025-09-04T21:28:22.224792+00:00,8.871,38.904,23.642,9.975,76.02,0,normal
2025-09-04T21:28:23.225525+00:00,8.907,38.897,23.625,9.936,75.83,0,normal
2025-09-04T21:28:24.225749+00:00,8.91,38.979,23.634,9.874,75.82,0,normal
2025-09-04T21:28:25.226493+00:00,8.908,39.024,23.624,9.873,75.92,0,normal
2025-09-04T21:28:26.226732+00:00,8.944,38.978,23.618,9.87,75.84,0,normal
2025-09-04T21:28:27.226971+00:00,8.933,38.928,23.617,9.893,75.92,0,normal
2025-09-04T21:28:28.227760+00:00,8.954,39.009,23.618,9.912,75.94,0,normal
2025-09-04T21:28:29.228987+00:00,8.964,38.933,23.625,9.864,75.95,0,normal
2025-09-04T21:28:30.230248+00:00,8.968,38.934,23.63,9.933,75.97,0,normal
2025-09-04T21:28:31.230481+00:00,9.032,39.013,23.632,10.014,75.97,0,normal
2025-09-04T21:28:32.230734+00:00,9.028,38.958,23.629,10.055,75.93,0,normal
2025-09-04T21:28:33.231216+00:00,9.043,39.036,23.61,10.06,76.02,0,normal
2025-09-04T21:28:34.231469+00:00,9.085,39.04,23.602,10.057,76.14,0,normal
2025-09-04T21:28:35.231923+00:00,9.092,38.988,23.568,10.067,76.25,0,normal
2025-09-04T21:28:36.232865+00:00,9.094,39.06,23.555,10.037,76.34,0,normal
2025-09-04T21:28:37.233603+00:00,9.099,39.059,23.551,10.013,76.43,0,normal
2025-09-04T21:28:38.234320+00:00,9.094,38.959,23.565,10.048,76.54,0,normal
2025-09-04T21:28:39.234764+00:00,9.047,38.952,23.561,10.013,76.55,0,normal
2025-09-04T21:28:40.235345+00:00,9.088,38.965,23.552,10.02,76.67,0,normal
2025-09-04T21:28:41.235715+00:00,9.083,39.002,23.555,9.965,76.78,0,normal
2025-09-04T21:28:42.236138+00:00,9.016,38.903,23.557,9.927,76.78,0,normal
2025-09-04T21:28:43.237383+00:00,9.033,38.856,23.562,9.975,76.91,0,normal
2025-09-04T21:28:44.238620+00:00,9.001,38.816,23.557,9.993,77.0,0,normal
2025-09-04T21:28:45.238925+00:00,9.025,38.888,23.568,10.032,76.92,0,normal
2025-09-04T21:28:46.239147+00:00,9.043,38.889,23.56,9.996,76.9,0,normal
2025-09-04T21:28:47.239374+00:00,8.99,38.924,23.558,9.975,76.94,0,normal
2025-09-04T21:28:48.240313+00:00,9.004,38.893,23.554,9.978,76.92,0,normal
2025-09-04T21:28:49.240584+00:00,8.988,38.991,23.576,9.97,76.98,0,normal
2025-09-04T21:28:50.241319+00:00,8.97,39.079,23.563,10.014,76.97,0,normal
2025-09-04T21:28:51.241713+00:00,8.994,39.139,23.568,10.053,76.91,0,normal
2025-09-04T21:28:52.242387+00:00,9.006,39.058,23.585,10.044,76.87,0,normal
2025-09-04T21:28:53.242608+00:00,8.968,39.155,23.582,9.982,76.82,0,normal
2025-09-04T21:28:54.242837+00:00,8.952,39.215,23.584,9.939,76.77,0,normal
2025-09-04T21:28:55.243076+00:00,8.955,39.207,23.576,9.93,76.69,0,normal
2025-09-04T21:28:56.243306+00:00,8.966,39.245,23.573,9.898,76.83,0,normal
2025-09-04T21:28:57.243745+00:00,8.934,39.119,23.566,9.881,76.77,0,normal
2025-09-04T21:28:58.243977+00:00,8.934,39.139,23.556,9.825,76.82,0,normal
2025-09-04T21:28:59.244228+00:00,8.919,39.072,23.557,9.893,76.74,0,normal
2025-09-04T21:29:00.244527+00:00,8.956,39.012,23.552,9.916,76.73,0,normal
2025-09-04T21:29:01.244761+00:00,8.948,38.969,23.546,9.984,76.67,0,normal
2025-09-04T21:29:02.245837+00:00,8.986,38.953,23.542,9.999,76.6,0,normal
2025-09-04T21:29:03.246265+00:00,8.986,39.0,23.545,9.952,76.6,0,normal
2025-09-04T21:29:04.246574+00:00,8.993,39.125,23.538,9.973,76.5,0,normal
2025-09-04T21:29:05.247630+00:00,8.961,39.242,23.531,9.989,76.43,0,normal
2025-09-04T21:29:06.248195+00:00,8.992,39.311,23.534,9.993,76.39,0,normal
2025-09-04T21:29:07.248853+00:00,8.992,39.191,23.521,9.964,76.47,0,normal
2025-09-04T21:29:08.249851+00:00,9.002,39.181,23.512,9.985,76.54,0,normal
2025-09-04T21:29:09.250099+00:00,8.998,39.204,23.502,9.986,76.47,0,normal
2025-09-04T21:29:10.250729+00:00,9.005,39.203,23.517,9.984,76.44,0,normal
2025-09-04T21:29:11.250962+00:00,8.998,39.162,23.52,9.949,76.41,0,normal
2025-09-04T21:29:12.251240+00:00,9.012,39.102,23.505,9.969,76.41,0,normal
2025-09-04T21:29:13.251964+00:00,9.055,39.095,23.505,9.939,76.4,0,normal
2025-09-04T21:29:14.252202+00:00,9.051,39.085,23.5,9.921,76.44,0,normal
2025-09-04T21:29:15.252457+00:00,9.051,39.196,23.514,9.92,76.46,0,normal
2025-09-04T21:29:16.252719+00:00,9.034,39.187,23.532,9.906,76.53,0,normal
2025-09-04T21:29:22.465036+00:00,8.558,28.593,23.977,10.008,41.72,0,normal
2025-09-04T21:29:23.465773+00:00,8.635,29.249,23.976,10.057,43.37,0,normal
2025-09-04T21:29:24.466507+00:00,8.68,29.8,23.97,10.024,44.79,0,normal
2025-09-04T21:29:25.466945+00:00,8.691,30.383,23.969,10.067,46.29,0,normal
2025-09-04T21:29:26.468170+00:00,8.712,30.897,23.973,10.098,47.58,0,normal
2025-09-04T21:29:27.468415+00:00,8.735,31.35,23.971,10.012,48.82,0,normal
2025-09-04T21:29:28.469264+00:00,8.768,31.735,23.968,9.975,50.08,0,normal
2025-09-04T21:29:29.469612+00:00,8.797,32.155,23.954,10.004,51.4,0,normal
2025-09-04T21:29:30.470370+00:00,8.825,32.594,23.938,10.09,52.56,0,normal
2025-09-04T21:29:31.470646+00:00,8.81,32.997,23.916,10.143,53.64,0,normal
2025-09-04T21:29:32.470897+00:00,8.864,33.387,23.906,10.125,54.84,0,normal
2025-09-04T21:29:33.471180+00:00,8.871,33.678,23.898,10.105,55.97,0,normal
2025-09-04T21:29:34.471443+00:00,8.897,33.939,23.905,10.076,56.91,0,normal
2025-09-04T21:29:35.471939+00:00,8.951,34.172,23.907,10.035,57.88,0,normal
2025-09-04T21:29:36.472170+00:00,8.933,34.47,23.881,10.004,58.82,0,normal
2025-09-04T21:29:37.472399+00:00,8.97,34.691,23.892,10.013,59.61,0,normal
2025-09-04T21:29:38.473291+00:00,8.911,34.944,23.901,9.998,60.4,0,normal
2025-09-04T21:29:39.473556+00:00,8.883,35.127,23.909,10.016,61.11,0,normal
2025-09-04T21:29:40.474283+00:00,8.882,35.34,23.913,9.977,61.9,0,normal
2025-09-04T21:29:41.474548+00:00,8.893,35.564,23.928,9.908,62.62,0,normal
2025-09-04T21:29:42.475096+00:00,8.884,35.813,23.929,9.938,63.17,0,normal
2025-09-04T21:29:43.476442+00:00,8.898,36.123,23.932,9.923,63.76,0,normal
2025-09-04T21:29:44.476550+00:00,8.893,36.34,23.929,9.985,64.36,0,normal
2025-09-04T21:29:45.476740+00:00,8.893,36.428,23.921,9.984,64.84,0,normal
2025-09-04T21:29:46.476963+00:00,8.937,36.628,23.91,9.913,65.45,0,normal
2025-09-04T21:29:47.477140+00:00,8.934,36.731,23.922,9.921,65.92,0,normal
2025-09-04T21:29:48.477369+00:00,8.953,36.818,23.921,9.903,66.5,0,normal
2025-09-04T21:29:49.478440+00:00,8.961,37.092,23.92,9.878,66.93,0,normal
2025-09-04T21:29:50.479179+00:00,9.083,37.213,23.945,9.947,67.37,0,normal
2025-09-04T21:29:51.479404+00:00,9.057,37.353,23.953,9.9,67.91,0,normal
2025-09-04T21:29:52.480154+00:00,9.051,37.448,23.942,9.95,68.33,0,normal
2025-09-04T21:29:53.480787+00:00,9.022,37.501,23.923,9.958,68.76,0,normal
2025-09-04T21:29:54.481034+00:00,9.052,37.633,23.91,9.968,69.14,0,normal
2025-09-04T21:29:55.481350+00:00,9.084,37.769,23.921,9.928,69.57,0,normal
2025-09-04T21:29:56.482086+00:00,9.058,37.856,23.917,9.939,69.88,0,normal
2025-09-04T21:29:57.482320+00:00,9.033,37.891,23.904,9.942,70.15,0,normal
2025-09-04T21:29:58.482555+00:00,9.032,38.065,23.908,9.948,70.48,0,normal
2025-09-04T21:29:59.482849+00:00,9.015,38.053,23.908,9.937,70.85,0,normal
2025-09-04T21:30:00.483581+00:00,9.04,38.159,23.917,9.975,71.13,0,normal
2025-09-04T21:30:01.484818+00:00,9.02,38.139,23.927,9.948,71.52,0,normal
2025-09-04T21:30:02.484981+00:00,9.039,38.175,23.918,9.939,71.8,0,normal
2025-09-04T21:30:03.485715+00:00,8.962,38.252,23.929,9.914,71.99,0,normal
2025-09-04T21:30:04.486445+00:00,9.019,38.227,23.921,9.918,72.15,0,normal
2025-09-04T21:30:05.487371+00:00,8.995,38.309,23.902,9.921,72.41,0,normal
2025-09-04T21:30:06.488194+00:00,8.948,38.263,23.886,9.942,72.59,0,normal
2025-09-04T21:30:07.489124+00:00,8.912,38.275,23.882,9.911,72.8,0,normal
2025-09-04T21:30:08.489860+00:00,8.876,38.272,23.88,9.93,72.86,0,normal
2025-09-04T21:30:09.490586+00:00,8.914,38.326,23.865,9.947,72.99,0,normal
2025-09-04T21:30:10.490876+00:00,8.954,38.393,23.867,9.929,73.2,0,normal
2025-09-04T21:30:11.491105+00:00,8.987,38.449,23.864,9.97,73.35,0,normal
2025-09-04T21:30:12.491335+00:00,8.98,38.504,23.862,9.948,73.47,0,normal
2025-09-04T21:30:13.491560+00:00,8.986,38.513,23.865,9.986,73.59,0,normal
2025-09-04T21:30:14.491823+00:00,9.001,38.573,23.873,9.958,73.67,0,normal
2025-09-04T21:30:15.492747+00:00,9.003,38.685,23.872,9.963,73.84,0,normal
2025-09-04T21:30:16.492957+00:00,8.986,38.697,23.869,9.985,73.93,0,normal
2025-09-04T21:30:17.493570+00:00,9.029,38.787,23.854,10.057,74.07,0,normal
2025-09-04T21:30:18.494407+00:00,9.057,38.869,23.874,10.009,74.23,0,normal
2025-09-04T21:30:19.494991+00:00,9.085,38.906,23.892,10.033,74.29,0,normal
2025-09-04T21:30:20.495828+00:00,9.058,38.898,23.888,10.033,74.37,0,normal
2025-09-04T21:30:21.496935+00:00,9.015,38.983,23.892,9.992,74.46,0,normal
2025-09-04T21:30:22.497224+00:00,8.958,38.954,23.895,10.013,74.48,0,normal
2025-09-04T21:30:23.497426+00:00,8.972,38.977,23.894,10.063,74.54,0,normal
2025-09-04T21:30:24.498327+00:00,8.968,38.995,23.897,10.085,74.64,0,normal
2025-09-04T21:30:25.498907+00:00,9.014,39.004,23.913,10.068,74.7,0,normal
2025-09-04T21:30:26.499538+00:00,9.006,38.988,23.923,10.065,74.82,0,normal
2025-09-04T21:30:27.499815+00:00,9.043,38.966,23.901,10.092,74.94,0,normal
2025-09-04T21:30:28.500485+00:00,9.133,39.02,23.899,10.061,75.1,0,normal
2025-09-04T21:30:29.500823+00:00,9.094,39.015,23.901,10.079,75.24,0,normal
2025-09-04T21:30:30.501066+00:00,9.11,38.999,23.896,10.143,75.34,0,normal
2025-09-04T21:30:31.502363+00:00,9.097,39.025,23.892,10.138,75.58,0,normal
2025-09-04T21:30:32.502644+00:00,9.023,39.078,23.887,10.138,75.67,0,normal
2025-09-04T21:30:33.502893+00:00,9.02,39.148,23.885,10.086,75.69,0,normal
2025-09-04T21:30:34.503165+00:00,9.061,39.039,23.878,10.055,75.8,0,normal
2025-09-04T21:30:35.503664+00:00,9.016,39.054,23.89,10.07,75.91,0,normal
2025-09-04T21:30:36.504163+00:00,8.992,39.052,23.889,10.047,75.93,0,normal
2025-09-04T21:30:37.504883+00:00,9.015,39.031,23.887,10.013,75.98,0,normal
2025-09-04T21:30:38.505158+00:00,8.957,39.086,23.885,10.052,76.01,0,normal
2025-09-04T21:30:39.505753+00:00,8.968,39.075,23.896,10.073,76.03,0,normal
2025-09-04T21:30:40.506013+00:00,8.977,39.058,23.895,10.045,76.13,0,normal
2025-09-04T21:30:41.506286+00:00,9.001,39.154,23.899,10.084,76.15,0,normal
2025-09-04T21:30:42.506577+00:00,8.985,39.018,23.884,10.06,76.14,0,normal
2025-09-04T21:30:43.506819+00:00,9.036,38.941,23.901,10.023,76.12,0,normal
2025-09-04T21:30:44.507096+00:00,8.987,39.055,23.911,9.985,76.12,0,normal
2025-09-04T21:30:45.507854+00:00,9.022,39.003,23.904,9.994,76.15,0,normal
2025-09-04T21:30:46.508222+00:00,9.008,39.034,23.894,10.016,76.28,0,normal
2025-09-04T21:30:47.508791+00:00,9.053,38.963,23.887,9.992,76.29,0,normal
2025-09-04T21:30:48.509117+00:00,9.033,39.069,23.872,10.027,76.27,0,normal
2025-09-04T21:30:49.509548+00:00,9.049,39.116,23.842,9.996,76.3,0,normal
2025-09-04T21:30:50.509746+00:00,8.978,39.21,23.835,10.089,76.37,0,normal
2025-09-04T21:30:51.509999+00:00,9.01,39.182,23.833,10.07,76.43,0,normal
2025-09-04T21:30:52.510434+00:00,9.029,39.144,23.842,10.089,76.41,0,normal
2025-09-04T21:30:53.510963+00:00,9.006,39.154,23.823,10.034,76.47,0,normal
2025-09-04T21:30:54.511791+00:00,8.954,39.073,23.815,9.987,76.49,0,normal
2025-09-04T21:30:55.512841+00:00,8.996,39.078,23.811,9.983,76.43,0,normal
2025-09-04T21:30:56.513104+00:00,9.029,39.017,23.803,9.991,76.48,0,normal
2025-09-04T21:30:57.513341+00:00,9.037,39.095,23.8,9.976,76.51,0,normal
2025-09-04T21:30:58.513520+00:00,8.977,39.095,23.809,9.957,76.57,0,normal
2025-09-04T21:30:59.514269+00:00,9.009,39.027,23.8,9.917,76.61,0,normal
2025-09-04T21:31:00.514798+00:00,9.0,39.092,23.792,9.946,76.59,0,normal
2025-09-04T21:31:01.515400+00:00,8.99,39.045,23.773,9.963,76.59,0,normal
2025-09-04T21:31:02.515743+00:00,8.973,39.019,23.777,9.93,76.5,0,normal
2025-09-04T21:31:03.516013+00:00,8.99,38.939,23.788,9.914,76.64,0,normal
2025-09-04T21:31:04.516387+00:00,9.006,38.875,23.781,9.865,76.63,0,normal
2025-09-04T21:31:05.516827+00:00,9.01,38.907,23.789,9.906,76.67,0,normal
2025-09-04T21:31:06.517863+00:00,8.991,38.881,23.793,9.958,76.69,0,normal
2025-09-04T21:31:07.518088+00:00,8.99,38.886,23.805,9.935,76.64,0,normal
2025-09-04T21:31:08.518329+00:00,9.015,39.008,23.799,9.974,76.62,0,normal
2025-09-04T21:31:09.519053+00:00,9.027,39.012,23.782,9.911,76.59,0,normal
2025-09-04T21:31:10.519273+00:00,9.007,39.013,23.776,9.903,76.62,0,normal
2025-09-04T21:31:11.519514+00:00,9.039,39.015,23.766,9.921,76.63,0,normal
2025-09-04T21:31:12.519731+00:00,9.067,39.016,23.766,9.935,76.57,0,normal
2025-09-04T21:31:13.519971+00:00,9.016,39.055,23.771,9.979,76.7,0,normal
2025-09-04T21:31:14.520322+00:00,8.989,39.064,23.773,9.994,76.68,0,normal
2025-09-04T21:31:15.520968+00:00,9.008,39.069,23.762,10.023,76.66,0,normal
2025-09-04T21:31:16.521247+00:00,8.963,39.09,23.77,10.054,76.66,0,normal
2025-09-04T21:31:17.521594+00:00,8.964,39.11,23.778,10.078,76.61,0,normal
2025-09-04T21:31:18.522141+00:00,8.964,38.987,23.764,10.008,76.57,0,normal
2025-09-04T21:31:19.522420+00:00,8.985,38.975,23.752,10.004,76.56,0,normal
2025-09-04T21:31:20.523318+00:00,9.021,38.987,23.757,9.985,76.55,0,normal
2025-09-04T21:31:21.524376+00:00,9.024,39.044,23.742,10.011,76.63,0,normal
2025-09-04T21:31:22.524918+00:00,9.036,39.071,23.737,10.004,76.65,0,normal
2025-09-04T21:31:23.525544+00:00,9.021,38.983,23.744,9.991,76.67,0,normal
2025-09-04T21:31:24.526663+00:00,9.003,39.049,23.734,10.031,76.64,0,normal
2025-09-04T21:31:25.527608+00:00,8.967,39.111,23.733,9.968,76.57,0,normal
2025-09-04T21:31:26.528661+00:00,8.988,39.066,23.721,9.973,76.48,0,normal
2025-09-04T21:31:27.529181+00:00,9.012,39.048,23.714,9.931,76.48,0,normal
2025-09-04T21:31:28.529452+00:00,9.005,39.075,23.725,10.019,76.51,0,normal
2025-09-04T21:31:29.529847+00:00,8.963,39.095,23.703,10.035,76.5,0,normal
2025-09-04T21:31:30.530504+00:00,8.977,39.171,23.715,10.022,76.52,0,normal
2025-09-04T21:31:31.530826+00:00,8.979,39.178,23.713,10.032,76.42,0,normal
2025-09-04T21:31:32.531051+00:00,8.95,39.159,23.7,10.059,76.44,0,normal
2025-09-04T21:31:33.531352+00:00,8.914,39.155,23.688,10.034,76.43,0,normal
2025-09-04T21:31:34.531767+00:00,8.916,39.142,23.697,10.033,76.41,0,normal
2025-09-04T21:31:35.532380+00:00,8.945,39.232,23.692,9.997,76.48,0,normal
2025-09-04T21:31:36.533007+00:00,8.986,39.224,23.671,10.018,76.51,0,normal
2025-09-04T21:31:37.533299+00:00,8.995,39.202,23.665,9.98,76.55,0,normal
2025-09-04T21:31:38.534362+00:00,9.014,39.244,23.665,9.988,76.59,0,normal
2025-09-04T21:31:39.535275+00:00,9.102,39.215,23.663,9.989,76.64,0,normal
2025-09-04T21:31:40.536012+00:00,9.102,39.192,23.677,10.053,76.76,0,normal
2025-09-04T21:31:41.536275+00:00,9.15,39.177,23.684,10.081,76.86,0,normal
2025-09-04T21:31:42.536886+00:00,9.171,39.143,23.679,10.049,76.99,0,normal
2025-09-04T21:31:43.537770+00:00,9.153,39.182,23.676,10.075,76.99,0,normal
2025-09-04T21:31:44.538587+00:00,9.175,39.202,23.674,10.084,77.06,0,normal
2025-09-04T21:31:45.539265+00:00,9.135,39.254,23.66,10.074,77.07,0,normal
2025-09-04T21:31:46.540059+00:00,9.081,39.216,23.641,10.089,77.05,0,normal
2025-09-04T21:31:47.540555+00:00,9.049,39.249,23.617,10.029,76.94,0,normal
2025-09-04T21:31:48.540838+00:00,9.047,39.214,23.618,10.022,77.02,0,normal
2025-09-04T21:31:49.541440+00:00,9.068,39.191,23.633,10.019,77.01,0,normal
2025-09-04T21:31:50.542014+00:00,9.0,39.182,23.642,10.042,76.88,0,normal
2025-09-04T21:31:51.542460+00:00,9.023,39.223,23.634,10.067,76.9,0,normal
2025-09-04T21:31:52.542746+00:00,8.976,39.169,23.62,10.06,76.87,0,normal
2025-09-04T21:31:53.543100+00:00,8.981,39.126,23.628,10.053,76.8,0,normal
2025-09-04T21:31:54.543779+00:00,8.975,39.064,23.632,10.045,76.72,0,normal
2025-09-04T21:31:55.544380+00:00,8.981,39.107,23.644,10.07,76.69,0,normal
2025-09-04T21:31:56.545432+00:00,8.995,39.226,23.632,10.067,76.64,0,normal
2025-09-04T21:31:57.546163+00:00,9.03,39.273,23.613,10.117,76.55,0,normal
2025-09-04T21:31:58.546714+00:00,9.011,39.308,23.59,10.126,76.61,0,normal
2025-09-04T21:31:59.547978+00:00,9.017,39.341,23.584,10.116,76.66,0,normal
2025-09-04T21:32:00.548876+00:00,8.944,39.234,23.579,10.104,76.57,0,normal
2025-09-04T21:32:01.549421+00:00,8.965,39.201,23.574,10.102,76.54,0,normal
2025-09-04T21:32:02.550476+00:00,8.959,39.138,23.569,10.109,76.46,0,normal
2025-09-04T21:32:03.551301+00:00,8.977,39.083,23.557,10.162,76.44,0,normal
2025-09-04T21:32:04.552211+00:00,8.965,39.045,23.537,10.198,76.51,0,normal
2025-09-04T21:32:05.552732+00:00,8.969,39.03,23.528,10.207,76.47,0,normal
2025-09-04T21:32:06.553914+00:00,9.028,38.992,23.531,10.22,76.44,0,normal
2025-09-04T21:32:07.555046+00:00,8.964,38.898,23.524,10.242,76.38,0,normal
2025-09-04T21:32:08.555982+00:00,8.937,38.848,23.531,10.28,76.31,0,normal
2025-09-04T21:32:09.556733+00:00,8.942,38.821,23.525,10.3,76.3,0,normal
2025-09-04T21:32:10.557742+00:00,8.935,38.826,23.527,10.258,76.27,0,normal
2025-09-04T21:32:11.558076+00:00,8.909,38.782,23.534,10.287,76.27,0,normal
2025-09-04T21:32:12.558459+00:00,8.969,38.729,23.533,10.292,76.29,0,normal
2025-09-04T21:32:13.558997+00:00,8.961,38.785,23.528,10.251,76.32,0,normal
2025-09-04T21:32:14.559733+00:00,8.968,38.798,23.521,10.236,76.28,0,normal
2025-09-04T21:32:15.560760+00:00,8.982,38.778,23.514,10.237,76.25,0,normal
2025-09-04T21:32:16.561454+00:00,8.942,38.848,23.514,10.224,76.32,0,normal
2025-09-04T21:32:17.562289+00:00,8.89,38.824,23.511,10.198,76.27,0,normal
2025-09-04T21:32:18.563174+00:00,8.919,38.802,23.51,10.161,76.23,0,normal
2025-09-04T21:32:19.564399+00:00,8.968,38.834,23.514,10.096,76.25,0,normal
2025-09-04T21:32:20.564635+00:00,8.945,38.844,23.493,10.086,76.32,0,normal
2025-09-04T21:32:21.564848+00:00,8.93,38.779,23.492,10.11,76.35,0,normal
2025-09-04T21:32:22.565086+00:00,8.959,38.838,23.486,10.077,76.36,0,normal
2025-09-04T21:32:23.565310+00:00,8.979,38.851,23.489,10.088,76.33,0,normal
2025-09-04T21:32:24.565535+00:00,8.984,38.906,23.482,10.097,76.3,0,normal
2025-09-04T21:32:25.565794+00:00,8.985,38.935,23.499,10.109,76.35,0,normal
2025-09-04T21:32:26.566403+00:00,8.96,38.898,23.498,10.082,76.34,0,normal
2025-09-04T21:32:27.567167+00:00,9.02,38.985,23.501,10.059,76.43,0,normal
2025-09-04T21:32:28.567606+00:00,9.006,38.887,23.492,10.033,76.45,0,normal
2025-09-04T21:32:29.568070+00:00,8.968,38.948,23.466,10.052,76.48,0,normal
2025-09-04T21:32:30.568349+00:00,8.926,38.925,23.447,9.994,76.51,0,normal
2025-09-04T21:32:31.568756+00:00,8.986,38.933,23.443,10.021,76.55,0,normal
2025-09-04T21:32:32.569005+00:00,8.996,38.975,23.439,10.03,76.51,0,normal
2025-09-04T21:32:33.569665+00:00,8.967,38.948,23.436,10.027,76.49,0,normal
2025-09-04T21:32:34.570170+00:00,8.94,38.89,23.439,10.024,76.5,0,normal
2025-09-04T21:32:35.570937+00:00,8.959,38.889,23.439,10.036,76.46,0,normal
2025-09-04T21:32:36.571727+00:00,8.966,38.939,23.44,10.035,76.5,0,normal
2025-09-04T21:32:37.572049+00:00,8.976,38.998,23.431,10.065,76.48,0,normal
2025-09-04T21:32:38.572740+00:00,8.945,39.009,23.453,10.085,76.38,0,normal
2025-09-04T21:32:39.573072+00:00,8.969,39.077,23.451,10.108,76.41,0,normal
2025-09-04T21:32:40.573349+00:00,8.988,38.986,23.441,10.111,76.31,0,normal
2025-09-04T21:32:41.573572+00:00,9.004,38.996,23.431,10.128,76.35,0,normal
2025-09-04T21:32:42.574310+00:00,9.009,39.053,23.434,10.117,76.38,0,normal
2025-09-04T21:32:43.574557+00:00,8.971,39.131,23.444,10.128,76.44,0,normal
2025-09-04T21:32:44.575227+00:00,8.976,39.167,23.433,10.12,76.39,0,normal
2025-09-04T21:32:45.575465+00:00,8.993,39.135,23.424,10.134,76.38,0,normal
2025-09-04T21:32:46.575727+00:00,8.93,39.141,23.423,10.102,76.25,0,normal
2025-09-04T21:32:47.576244+00:00,8.979,39.096,23.436,10.017,76.2,0,normal
2025-09-04T21:32:48.576947+00:00,9.014,39.147,23.43,9.996,76.21,0,normal
2025-09-04T21:32:49.577174+00:00,9.004,39.025,23.431,9.963,76.14,0,normal
2025-09-04T21:32:50.577916+00:00,8.965,39.083,23.444,9.935,76.2,0,normal
2025-09-04T21:32:51.579588+00:00,8.999,39.08,23.456,9.929,76.16,0,normal
2025-09-04T21:32:52.580602+00:00,9.043,39.072,23.477,9.926,76.23,0,normal
2025-09-04T21:32:53.581780+00:00,9.022,39.044,23.489,9.951,76.28,0,normal
2025-09-04T21:32:54.582569+00:00,8.971,39.076,23.5,9.969,76.28,0,normal
2025-09-04T21:32:55.582849+00:00,9.012,39.055,23.494,9.978,76.35,0,normal
2025-09-04T21:32:56.583325+00:00,8.968,39.031,23.497,9.954,76.32,0,normal
2025-09-04T21:32:57.583647+00:00,8.955,38.981,23.495,9.913,76.39,0,normal
2025-09-04T21:32:58.584062+00:00,8.979,39.037,23.491,9.934,76.36,0,normal
2025-09-04T21:32:59.584445+00:00,8.969,38.948,23.509,9.972,76.35,0,normal
2025-09-04T21:33:00.584633+00:00,8.965,38.976,23.513,9.965,76.33,0,normal
2025-09-04T21:33:01.584872+00:00,8.946,38.962,23.525,9.991,76.28,0,normal
2025-09-04T21:33:02.585111+00:00,8.98,38.99,23.523,9.995,76.21,0,normal
2025-09-04T21:33:03.585848+00:00,8.985,38.994,23.533,9.983,76.19,0,normal
2025-09-04T21:33:04.586068+00:00,9.041,39.013,23.537,9.989,76.26,0,normal
2025-09-04T21:33:05.587004+00:00,9.038,39.048,23.524,10.049,76.26,0,normal
2025-09-04T21:33:06.588563+00:00,8.983,39.033,23.511,10.109,76.24,0,normal
2025-09-04T21:33:07.589293+00:00,8.969,39.01,23.515,10.071,76.26,0,normal
2025-09-04T21:33:08.589627+00:00,8.945,38.951,23.507,10.053,76.25,0,normal
2025-09-04T21:33:09.589943+00:00,8.941,39.0,23.503,10.087,76.21,0,normal
2025-09-04T21:33:10.590461+00:00,8.927,38.914,23.52,10.091,76.19,0,normal
2025-09-04T21:33:11.591007+00:00,8.959,38.847,23.507,10.065,76.2,0,normal
2025-09-04T21:33:12.591251+00:00,9.001,38.788,23.492,10.06,76.25,0,normal
2025-09-04T21:33:13.592485+00:00,9.027,38.769,23.474,10.049,76.31,0,normal
2025-09-04T21:33:14.593237+00:00,9.066,38.805,23.478,10.031,76.3,0,normal
2025-09-04T21:33:15.593497+00:00,9.051,38.829,23.48,10.055,76.3,0,normal
2025-09-04T21:33:16.593755+00:00,8.994,38.916,23.482,10.075,76.4,0,normal
2025-09-04T21:33:17.594063+00:00,9.013,38.998,23.475,10.123,76.39,0,normal
2025-09-04T21:33:18.594322+00:00,9.045,39.022,23.459,10.15,76.5,0,normal
2025-09-04T21:33:19.594557+00:00,9.02,39.007,23.451,10.128,76.5,0,normal
2025-09-04T21:33:20.594800+00:00,9.025,39.061,23.441,10.112,76.52,0,normal
2025-09-04T21:33:21.595323+00:00,9.022,39.037,23.427,10.072,76.49,0,normal
2025-09-04T21:33:22.596071+00:00,8.993,39.059,23.435,10.001,76.49,0,normal
2025-09-04T21:33:23.596809+00:00,9.022,38.97,23.416,10.053,76.52,0,normal
2025-09-04T21:33:24.597718+00:00,9.067,38.991,23.411,10.026,76.53,0,normal
2025-09-04T21:33:25.598015+00:00,8.984,38.885,23.424,10.004,76.51,0,normal
2025-09-04T21:33:26.598299+00:00,8.968,38.875,23.421,10.005,76.56,0,normal
2025-09-04T21:33:27.598995+00:00,8.938,38.961,23.413,9.994,76.55,0,normal
2025-09-04T21:33:28.599206+00:00,8.983,38.936,23.411,9.976,76.57,0,normal
2025-09-04T21:33:29.599468+00:00,8.972,38.935,23.415,9.938,76.56,0,normal
2025-09-04T21:33:30.599723+00:00,8.958,38.97,23.425,9.969,76.62,0,normal
2025-09-04T21:33:31.599982+00:00,8.945,39.047,23.426,9.953,76.6,0,normal
2025-09-04T21:33:32.600771+00:00,8.932,39.15,23.413,9.928,76.61,0,normal
2025-09-04T21:33:33.601043+00:00,9.009,39.192,23.387,9.922,76.59,0,normal
2025-09-04T21:33:34.601268+00:00,8.954,39.219,23.376,9.948,76.52,0,normal
2025-09-04T21:33:35.601538+00:00,8.99,39.193,23.364,9.962,76.46,0,normal
2025-09-04T21:33:36.601921+00:00,8.994,39.218,23.354,9.915,76.47,0,normal
2025-09-04T21:33:37.602149+00:00,8.948,39.106,23.37,9.92,76.46,0,normal
2025-09-04T21:33:38.602759+00:00,8.952,39.087,23.362,9.888,76.41,0,normal
2025-09-04T21:33:39.603072+00:00,8.998,39.16,23.337,9.846,76.44,0,normal
2025-09-04T21:33:40.603333+00:00,9.059,39.102,23.333,9.81,76.53,0,normal
2025-09-04T21:33:41.603638+00:00,9.086,39.138,23.335,9.842,76.62,0,normal
2025-09-04T21:33:42.603888+00:00,9.105,39.197,23.337,9.88,76.81,0,normal
2025-09-04T21:33:43.604208+00:00,9.082,39.186,23.349,9.874,76.85,0,normal
2025-09-04T21:33:44.604460+00:00,9.054,39.219,23.35,9.902,76.83,0,normal
2025-09-04T21:33:45.604707+00:00,9.041,39.334,23.345,9.943,76.85,0,normal
2025-09-04T21:33:46.605393+00:00,9.023,39.301,23.346,9.919,76.78,0,normal
2025-09-04T21:33:47.606084+00:00,9.043,39.217,23.358,9.918,76.81,0,normal
2025-09-04T21:33:48.606709+00:00,9.037,39.263,23.354,9.925,76.87,0,normal
2025-09-04T21:33:49.607457+00:00,9.011,39.324,23.36,9.949,76.87,0,normal
2025-09-04T21:33:50.608190+00:00,8.978,39.341,23.36,9.978,76.72,0,normal
2025-09-04T21:33:51.608422+00:00,8.959,39.309,23.362,9.98,76.69,0,normal
2025-09-04T21:33:52.608892+00:00,8.998,39.405,23.365,9.983,76.71,0,normal
2025-09-04T21:33:53.609129+00:00,9.018,39.351,23.383,9.986,76.66,0,normal
2025-09-04T21:33:54.609825+00:00,8.983,39.379,23.383,10.043,76.67,0,normal
2025-09-04T21:33:55.610149+00:00,8.963,39.441,23.393,10.024,76.68,0,normal
2025-09-04T21:33:56.610311+00:00,8.982,39.477,23.399,10.056,76.66,0,normal
2025-09-04T21:33:57.610768+00:00,9.016,39.447,23.399,10.056,76.65,0,normal
